"Time (s)","Linear Acceleration x (m/s^2)","Linear Acceleration y (m/s^2)","Linear Acceleration z (m/s^2)","Absolute acceleration (m/s^2)"
2.568394700E-2,3.013047218E0,6.661039352E0,2.242419243E0,7.646982598E0
4.560189300E-2,-8.838033676E-2,1.954998970E0,7.712625027E0,7.957035683E0
6.551898600E-2,-6.581253529E0,-1.100925350E1,1.005003452E0,1.286571384E1
8.543581400E-2,-9.050389290E0,-1.215097809E1,-1.159156799E1,1.907669425E1
1.053541470E-1,-5.834252357E0,6.489543915E-1,-8.650320768E-2,5.870870905E0
1.252720120E-1,-7.911540985E0,5.139145851E0,4.915341854E0,1.063785159E1
1.451919940E-1,-8.696475029E0,3.662786484E0,4.408734798E0,1.041545128E1
1.650994020E-1,-7.528014183E0,1.554614067E0,2.497678757E0,8.082463833E0
1.850249380E-1,-4.811830044E0,-1.414111137E0,1.210993409E0,5.159449943E0
2.049437190E-1,-1.071480513E0,-3.858395576E0,1.572591424E0,4.302130949E0
2.248615440E-1,4.078845024E0,-4.694145203E0,1.221961260E0,6.337599327E0
2.447788800E-1,7.756675720E0,-1.353586197E0,-2.893441200E0,8.388695715E0
2.646928610E-1,5.949346066E0,2.499361992E0,-6.195199966E0,8.945503429E0
2.846121910E-1,4.301296711E0,3.476859570E0,-5.425686359E0,7.747759569E0
3.045311550E-1,3.892987728E0,3.510175228E0,-3.827104092E0,6.490254950E0
3.244419210E-1,3.408544540E0,2.828099251E0,-2.097172260E0,4.900454341E0
3.443665400E-1,2.044477463E0,2.241343498E0,-1.695932627E0,3.475585742E0
3.642850570E-1,1.440252781E0,1.610479355E0,-2.344678640E0,3.188336518E0
3.841995450E-1,1.268965602E-1,-2.100696564E-1,-5.017843246E0,5.023841443E0
4.041133420E-1,3.476469517E-1,-2.568135262E0,-7.171767712E0,7.625642874E0
4.240379620E-1,1.549544811E0,-2.626040459E0,-6.270268440E0,6.972334181E0
4.439596520E-1,2.298474789E0,-2.019703865E0,-5.004100323E0,5.865424972E0
4.638736930E-1,3.713259697E0,-2.593532562E0,-5.343736649E0,7.005014639E0
4.837910090E-1,6.090997696E0,-3.287398338E0,-4.888353348E0,8.473679202E0
5.037086100E-1,7.680600643E0,-3.457340240E0,-5.421913624E0,1.001708416E1
5.236255600E-1,7.777017117E0,-3.862730980E0,-5.912209034E0,1.050508931E1
5.435441170E-1,6.625905037E0,-4.159691811E0,-4.049127102E0,8.809147734E0
5.634578530E-1,5.445480824E0,-5.516947746E0,-4.079428673E0,8.759663928E0
5.833792990E-1,3.121108532E0,-6.088670731E0,-4.871445179E0,8.399059939E0
6.032963300E-1,1.163803935E0,-5.319766045E0,-6.424544334E0,8.421942785E0
6.232183670E-1,-7.629088163E-1,-4.965258598E0,-2.878211260E0,5.789639269E0
6.431324070E-1,-2.977210999E0,-5.301922798E0,1.009256363E0,6.163827471E0
6.630442300E-1,-5.060041428E0,-5.460159302E0,1.786329508E0,7.655607877E0
6.829596140E-1,-7.065003872E0,-4.668450356E0,-7.541630268E-1,8.501615747E0
7.028857800E-1,-6.710904598E0,-2.217457771E0,-2.725577354E0,7.575099432E0
7.228016930E-1,-3.125113726E0,2.951183319E-1,-9.930222631E-1,3.292343215E0
7.427204530E-1,1.437799186E-1,1.756728172E0,1.081387401E0,2.067889080E0
7.626378100E-1,1.911455274E0,2.463068008E0,1.843777657E0,3.622137673E0
7.825553300E-1,3.711111784E0,3.371024132E0,2.042483091E0,5.413676343E0
8.024731750E-1,2.845000744E0,3.242688656E0,2.023307562E0,4.764748938E0
8.223907960E-1,4.721814394E-2,3.415441513E0,1.884702444E0,3.901227190E0
8.423083970E-1,-2.245676517E0,3.848639488E0,2.271494627E0,5.001477459E0
8.622188370E-1,-4.233634949E0,4.649435997E0,2.924481392E0,6.934948549E0
8.821439450E-1,-5.546865940E0,5.681243896E0,3.467138290E0,8.664023424E0
9.020615060E-1,-5.591320515E0,6.967586994E0,2.988500834E0,9.420258534E0
9.219793100E-1,-4.913067341E0,7.937489510E0,1.760351777E0,9.499516240E0
9.418812460E-1,-3.973328114E0,7.538131714E0,-6.144160032E-1,8.543317450E0
9.618069840E-1,-1.662514687E0,5.477399826E0,-5.503786087E0,7.940876855E0
9.817314420E-1,3.235003948E0,-6.662902832E-1,-1.930067825E1,1.958125058E1
1.001650589E0,7.581701279E0,-1.832621765E1,-1.494498348E1,2.483314275E1
1.021567661E0,6.741123199E0,-1.378898239E1,-6.117174149E0,1.652266918E1
1.041484591E0,4.888007164E0,-7.949247360E-1,-9.714354515E0,1.090381598E1
1.061402944E0,5.033678055E0,2.924875259E0,7.792291641E-1,5.873670755E0
1.081320546E0,1.378620148E0,3.662214279E-1,8.578774452E0,8.696555798E0
1.101210690E0,-3.875650406E0,-3.059247971E0,7.597612858E0,9.061091841E0
1.121142482E0,-5.654401779E0,-4.492220879E0,-1.636394382E0,7.404734599E0
1.141073715E0,-5.670406818E0,4.469308853E-1,-3.258044481E0,6.555006830E0
1.160991336E0,-7.464777470E0,2.460711956E0,1.396240592E0,7.982950194E0
1.180909202E0,-7.453272343E0,1.566294670E0,1.750380993E0,7.814626109E0
1.200826904E0,-5.995710373E0,-6.738376617E-2,9.819527864E-1,6.075962041E0
1.220744322E0,-4.256141663E0,-7.325744629E-1,9.520398080E-2,4.319776730E0
1.240661252E0,-1.089782596E0,-9.451398849E-1,8.558416367E-1,1.677313452E0
1.260580297E0,3.180642843E0,-8.983497620E-1,2.324435949E0,4.040609320E0
1.280497431E0,4.980559826E0,3.869094849E-1,1.528447509E0,5.224158010E0
1.300414421E0,4.676859856E0,1.821228504E0,-1.719858766E0,5.305450551E0
1.320336030E0,4.200279236E0,3.008850098E0,-4.301562786E0,6.723017698E0
1.340257965E0,4.303511143E0,3.355087280E0,-5.068050385E0,7.447278262E0
1.360166207E0,3.277104855E0,2.138134480E0,-4.484131813E0,5.951342151E0
1.380079291E0,9.650887251E-1,-4.923763275E-1,-4.513003349E0,4.641231510E0
1.400003342E0,3.618836403E-3,-2.371147156E0,-6.760986328E0,7.164725261E0
1.419921798E0,1.486323476E-1,-1.806235313E0,-6.229073048E0,6.487366848E0
1.439839582E0,1.288140297E0,-2.459716797E-1,-2.424833775E0,2.756741977E0
1.459749553E0,2.575589180E0,4.586124420E-2,-1.122963667E0,2.810126381E0
1.479674520E0,2.893873215E0,-1.400295258E0,-4.801927090E0,5.778739721E0
1.499592366E0,3.732191801E0,-2.853079796E0,-7.771633148E0,9.081167422E0
1.519510292E0,5.172433853E0,-2.811644554E0,-6.641541481E0,8.875217761E0
1.539428076E0,6.774092674E0,-2.184553146E0,-3.981564045E0,8.155578229E0
1.559344151E0,7.361896515E0,-2.488554001E0,-3.423135757E0,8.491659421E0
1.579263360E0,5.638904572E0,-3.829621315E0,-5.546904564E0,8.788139418E0
1.599182466E0,3.363759995E0,-4.830758095E0,-7.474007607E0,9.513773950E0
1.619097972E0,2.338827372E0,-5.476655006E0,-6.879358292E0,9.098869932E0
1.639016447E0,2.765656948E0,-5.037874222E0,-4.265991211E0,7.157353983E0
1.658934049E0,2.160438061E0,-4.331784248E0,-2.872154713E0,5.628598412E0
1.678844386E0,-5.052928329E-1,-3.727366447E0,1.952135563E-1,3.766522244E0
1.698764592E0,-3.439204216E0,-4.377195358E0,2.805700064E0,6.233772348E0
1.718687177E0,-5.971310139E0,-4.873056412E0,1.102612972E0,7.785819092E0
1.738605958E0,-8.049846649E0,-4.093112946E0,-3.037877321E0,9.527974773E0
1.758522501E0,-5.410976887E0,-1.001569748E0,-2.769354105E0,6.160449252E0
1.778440244E0,-1.989671707E0,9.788408279E-1,-7.733827829E-1,2.348413038E0
1.798353248E0,1.871529937E0,2.221567154E0,1.819141150E0,3.427427526E0
1.818278946E0,3.327131510E0,3.148440361E0,1.716506600E0,4.891715006E0
1.838189263E0,3.503790379E0,3.379179001E0,2.116940022E0,5.308185452E0
1.858110974E0,1.726376772E0,3.016388893E0,1.601520061E0,3.826727743E0
1.878027680E0,-1.008346081E0,3.160696983E0,1.991652846E0,3.869554018E0
1.897939238E0,-2.950346947E0,4.161811829E0,2.236044407E0,5.570019694E0
1.917863920E0,-4.521463394E0,5.134543896E0,2.695978642E0,7.353602728E0
1.937781012E0,-5.139938354E0,6.191658974E0,2.639489651E0,8.468914497E0
1.957698532E0,-4.531126022E0,7.453376770E0,1.733978391E0,8.893290132E0
1.977616072E0,-3.541069031E0,7.447180271E0,-3.910686970E-1,8.255458715E0
1.997534100E0,-1.654505491E0,5.787692547E0,-4.999364853E0,7.824859256E0
2.017451660E0,1.857733250E0,1.224761009E0,-1.484997559E1,1.501575796E1
2.037369302E0,6.283916473E0,-1.179241753E1,-1.846848869E1,2.279547745E1
2.057286985E0,6.877812862E0,-1.381188393E1,-5.920770645E0,1.652658381E1
2.077196753E0,3.527439117E0,-1.677153587E0,-5.662892342E0,6.879245639E0
2.097114537E0,1.836374998E0,4.334219933E0,-5.678473949E0,7.375825510E0
2.117032362E0,1.773123443E-1,-1.437916756E0,4.055452824E0,4.306476735E0
2.136957144E0,-2.892448902E0,-5.729334831E0,7.788727283E0,1.009236399E1
2.156876902E0,-5.038478374E0,-3.939289093E0,2.339160442E0,6.809987846E0
2.176793222E0,-3.574553490E0,1.645860672E-1,-3.116049767E0,4.744922272E0
2.196709927E0,-5.805794716E0,2.043602943E0,1.606530786E0,6.361171782E0
2.216620997E0,-6.935199738E0,1.236998558E0,2.699997187E0,7.544345276E0
2.236539432E0,-5.640830517E0,-1.519050598E-1,1.919358253E0,5.960367453E0
2.256463707E0,-3.284682751E0,-4.273157120E-1,1.006161094E0,3.461805835E0
2.276377788E0,-9.294991493E-1,-5.312643051E-1,9.784509540E-1,1.450371228E0
2.296292215E0,2.669791698E0,-4.832353592E-1,2.202357054E0,3.494521529E0
2.316214414E0,4.782226086E0,2.130527496E-1,1.623358965E0,5.054737593E0
2.336120032E0,4.748958588E0,1.800539017E0,-1.298612595E0,5.242226921E0
2.356042964E0,4.199928284E0,2.805957794E0,-4.549386978E0,6.797773062E0
2.375957594E0,4.117817879E0,2.337714195E0,-5.818717957E0,7.501920447E0
2.395882682E0,3.258234262E0,9.812765121E-1,-5.246177673E0,6.253109169E0
2.415802786E0,1.514478207E0,-9.715938568E-2,-4.001634598E0,4.279738735E0
2.435722665E0,5.212014914E-1,-3.446779251E-1,-3.661945820E0,3.714875645E0
2.455633309E0,4.746660590E-1,-3.239250183E-2,-3.956781387E0,3.985282435E0
2.475558010E0,1.388634443E0,-5.430030823E-2,-3.568224192E0,3.829292105E0
2.495475652E0,2.574120522E0,-3.859043121E-1,-3.402018785E0,4.283544142E0
2.515385705E0,2.783754826E0,-9.815111160E-1,-4.730919838E0,5.576222513E0
2.535311342E0,2.936215878E0,-2.034584999E0,-6.647798061E0,7.546795271E0
2.555218465E0,3.761872768E0,-2.969681740E0,-5.764003754E0,7.496294794E0
2.575146585E0,5.490562439E0,-2.809979439E0,-3.635157347E0,7.159373526E0
2.595064125E0,6.758688927E0,-2.044601440E0,-3.621630430E0,7.935772050E0
2.614986243E0,6.594676971E0,-2.963994026E0,-5.625045776E0,9.160576670E0
2.634889297E0,5.700747013E0,-4.584033012E0,-5.993886471E0,9.457195683E0
2.654806898E0,5.194392204E0,-4.821995735E0,-4.146624088E0,8.211445949E0
2.674737764E0,3.785219669E0,-4.799123764E0,-3.994264841E0,7.301618209E0
2.694652782E0,2.303768158E0,-4.771061897E0,-5.565896511E0,7.684372670E0
2.714555897E0,2.686627507E-1,-4.494122505E0,-4.150358200E0,6.123298944E0
2.734473356E0,-1.461132169E0,-4.048321724E0,3.789179325E-1,4.320578063E0
2.754391201E0,-3.017970562E0,-4.099545479E0,2.446425438E0,5.647956876E0
2.774316777E0,-4.998767376E0,-4.256587029E0,1.280755758E0,6.689285741E0
2.794244327E0,-5.930893898E0,-3.369121552E0,-1.619692087E0,7.010697891E0
2.814150942E0,-3.862561703E0,-4.000978470E-1,-1.424654841E0,4.136315101E0
2.834072429E0,-1.151458383E0,1.564712524E0,-7.332161665E-1,2.076484442E0
2.853994587E0,1.974557042E0,2.385779858E0,1.843223274E-1,3.102385495E0
2.873905169E0,3.345597506E0,2.554914951E0,6.340073347E-1,4.257062177E0
2.893820288E0,2.445395231E0,2.567536831E0,1.667310715E0,3.918179199E0
2.913739985E0,9.648420215E-1,2.154808044E0,1.740118623E0,2.932938911E0
2.933655694E0,-1.224431276E0,2.309092522E0,1.919301271E0,3.242662115E0
2.953584342E0,-3.707406044E0,3.397944927E0,2.520169973E0,5.625135198E0
2.973500702E0,-5.359386921E0,4.819743633E0,2.312974691E0,7.569861873E0
2.993418404E0,-5.030096054E0,5.940021038E0,2.043397427E0,8.047433708E0
3.013336067E0,-4.128959656E0,6.812874317E0,1.624967813E0,8.130441851E0
3.033257411E0,-3.248602390E0,6.899183273E0,4.967957735E-1,7.641920791E0
3.053174483E0,-1.741108656E0,5.813863754E0,-2.213852882E0,6.460156011E0
3.073089399E0,6.013370752E-1,2.948420048E0,-8.375054359E0,8.899231572E0
3.093006044E0,5.118443012E0,-5.097270966E0,-1.876769066E1,2.010986929E1
3.112923869E0,8.961352348E0,-1.464256001E1,-1.030873966E1,2.002449782E1
3.132832741E0,6.391939163E0,-5.857548714E0,-4.279687405E0,9.668685923E0
3.152758501E0,3.771927118E0,3.536077023E0,-5.302627563E0,7.406020117E0
3.172662369E0,3.335603237E0,7.397072792E0,-8.679504395E-1,8.160653945E0
3.192580173E0,9.459094405E-1,2.145175934E0,5.768158913E0,6.226410017E0
3.212505261E0,-5.012878418E0,-9.680132866E0,7.382659912E0,1.316577342E1
3.232430064E0,-7.717145920E0,-1.101598740E1,-3.958931208E0,1.402067958E1
3.252341033E0,-4.073175430E0,-2.067642212E-1,-6.644329548E0,7.796192960E0
3.272250557E0,-6.556187153E0,3.524886608E0,2.880049467E0,7.981422211E0
3.292169379E0,-7.287097931E0,1.997110367E0,3.755437851E0,8.437627600E0
3.312090215E0,-5.459768295E0,5.979404449E-1,2.836885452E0,6.181789521E0
3.332004988E0,-3.757704735E0,-2.799663544E-1,1.506806493E0,4.058225208E0
3.351921389E0,-1.624890804E0,-1.234086037E0,1.430374861E0,2.491828789E0
3.371840251E0,1.608967423E0,-1.230594635E0,2.449033022E0,3.178191635E0
3.391757364E0,3.823601961E0,6.517219543E-2,2.425187588E0,4.528323554E0
3.411688352E0,4.038083553E0,1.818339348E0,-1.241135597E-2,4.428614999E0
3.431607906E0,3.444905519E0,2.722097397E0,-3.174927473E0,5.418242587E0
3.451506017E0,3.818583488E0,2.911674023E0,-4.969844818E0,6.910772966E0
3.471434319E0,4.091826439E0,1.865329266E0,-4.752417564E0,6.542779958E0
3.491352815E0,2.791335821E0,4.190845490E-1,-3.510063171E0,4.504190381E0
3.511277395E0,1.237426400E0,-1.252076149E0,-5.933980942E0,6.189591957E0
3.531187916E0,4.243610799E-1,-1.874510765E0,-7.894533157E0,8.125117027E0
3.551104947E0,1.063446999E0,-5.876550674E-1,-4.784697056E0,4.936555876E0
3.571016017E0,2.755185604E0,2.214498520E-1,-1.482675314E0,3.136624593E0
3.590942855E0,3.400542259E0,-1.766767502E-1,-2.084417343E0,3.992455133E0
3.610858625E0,3.938515663E0,-1.702725410E0,-5.499430656E0,6.975307663E0
3.630783265E0,4.661755085E0,-2.958952904E0,-6.963665962E0,8.887069618E0
3.650701008E0,5.478310108E0,-2.313707352E0,-5.792286873E0,8.301548685E0
3.670619322E0,5.894387245E0,-1.469599724E0,-3.637878418E0,7.080796829E0
3.690536272E0,5.536503792E0,-2.587356567E0,-3.390086889E0,6.988560464E0
3.710453893E0,4.365049839E0,-4.311566353E0,-5.840808868E0,8.471027845E0
3.730370884E0,4.043001652E0,-6.074863434E0,-7.035947800E0,1.013678398E1
3.750289421E0,4.053557873E0,-6.400779724E0,-4.552587509E0,8.838968579E0
3.770201895E0,3.111861944E0,-4.506506920E0,-3.924097538E0,6.737271767E0
3.790124846E0,6.217323542E-1,-3.833388329E0,-3.958008766E0,5.545020342E0
3.810042244E0,-2.504866123E0,-4.105616570E0,-7.956743240E-2,4.810069925E0
3.829952989E0,-4.665009022E0,-4.836383820E0,2.209419489E0,7.073503524E0
3.849879908E0,-6.429125786E0,-4.935813904E0,9.142867327E-1,8.156705063E0
3.869796085E0,-6.735453606E0,-3.096894264E0,-5.143662095E-1,7.431127906E0
3.889716575E0,-2.599885225E0,-3.565778732E-1,-2.332697392E0,3.511129175E0
3.909623251E0,2.946240187E0,1.312417984E0,-2.215206623E-3,3.225333643E0
3.929537211E0,3.897289753E0,7.770137787E-1,-1.683179259E0,4.315751412E0
3.949466754E0,2.582023144E0,8.804378510E-1,1.140635014E-1,2.730389131E0
3.969380490E0,1.828533769E0,2.191954613E0,2.973242998E0,4.121695609E0
3.989300675E0,-3.621086180E-1,3.103274822E0,2.818441391E0,4.207736820E0
4.009218011E0,-2.420292616E0,3.842546940E0,3.052443743E0,5.471781806E0
4.029129651E0,-3.943365097E0,4.462533951E0,3.495371580E0,6.905212526E0
4.049050670E0,-4.964545250E0,5.155319691E0,3.630356312E0,8.025180222E0
4.068972767E0,-5.268701077E0,6.059986591E0,3.417109251E0,8.726928678E0
4.088884570E0,-4.921332836E0,7.248496532E0,2.701557159E0,9.168349358E0
4.108800645E0,-4.302695751E0,7.505179405E0,1.113081932E0,8.722376971E0
4.128722560E0,-2.879685402E0,6.202274323E0,-2.328039169E0,7.223611365E0
4.148643721E0,3.443204165E-1,3.211453438E0,-9.877974510E0,1.039261133E1
4.168561139E0,5.713299751E0,-7.882434845E0,-2.310691071E1,2.507396848E1
4.188478231E0,8.129940033E0,-1.814300728E1,-7.755908489E0,2.134054251E1
4.208396564E0,5.544703960E0,-5.950395584E0,-5.858754635E0,1.002376952E1
4.228314247E0,4.233638763E0,3.037433147E0,-6.991351128E0,8.719443095E0
4.248220780E0,3.030409813E0,1.160069466E0,4.183466911E0,5.294387613E0
4.268137853E0,-3.926379383E-1,-3.907229424E0,9.743150711E0,1.050474141E1
4.288080661E0,-4.167622089E0,-4.026662827E0,5.197436810E0,7.784371316E0
4.307984549E0,-3.325582027E0,-6.655664444E-1,-5.748963833E0,6.674807837E0
4.327902069E0,-6.451471329E0,2.520060062E0,-4.576827288E-1,6.941300923E0
4.347824126E0,-7.709799290E0,1.965706348E0,2.421866417E0,8.316877027E0
4.367737109E0,-7.256242752E0,-1.297378540E-2,1.731273890E0,7.459928718E0
4.387650783E0,-5.061170101E0,-6.559104919E-1,5.558089912E-2,5.103797665E0
4.407572901E0,-2.554126024E0,-8.315896988E-1,-2.578496933E-3,2.686095274E0
4.427490216E0,1.423631549E0,-9.226741791E-1,1.855040550E0,2.513807843E0
4.447407716E0,4.276077271E0,-2.144041061E-1,2.106767654E0,4.771716242E0
4.467319559E0,5.047491550E0,1.432676315E0,7.576397657E-1,5.301297048E0
4.487242654E0,3.290540934E0,2.908520222E0,-1.827342987E0,4.756714403E0
4.507160600E0,3.450964928E0,3.011427879E0,-3.464392185E0,5.742810289E0
4.527070938E0,3.340258837E0,2.143857002E0,-4.050211430E0,5.670772837E0
4.546996291E0,1.842140436E0,5.185098648E-1,-4.039935112E0,4.470280704E0
4.566913871E0,5.542729497E-1,-1.168364525E0,-4.459884644E0,4.643583228E0
4.586831656E0,-7.317972183E-2,-2.100244522E0,-6.099344254E0,6.451231095E0
4.606749440E0,6.316862106E-1,-8.928623199E-1,-5.637102127E0,5.742225264E0
4.626657580E0,2.281275511E0,1.071243286E-1,-2.745748997E0,3.571390644E0
4.646578823E0,3.097591400E0,-1.849174500E-2,-1.701949596E0,3.534408983E0
4.666502161E0,3.175890684E0,-1.116561890E0,-4.329276085E0,5.484124680E0
4.686419884E0,4.063534737E0,-2.413241386E0,-6.406517029E0,7.961124857E0
4.706337628E0,5.811719894E0,-2.548393250E0,-5.893421173E0,8.660416238E0
4.726249064E0,7.198062420E0,-2.116609573E0,-4.773200035E0,8.892444954E0
4.746166259E0,6.600594521E0,-3.162418365E0,-4.829414845E0,8.768807541E0
4.766090777E0,4.220806599E0,-3.582658768E0,-6.607515335E0,8.620319663E0
4.786008480E0,2.757136583E0,-3.821812630E0,-7.642288208E0,8.978453262E0
4.805929072E0,2.296492100E0,-4.635675430E0,-6.936408043E0,8.653156603E0
4.825842969E0,2.871355295E0,-5.272085190E0,-5.164342880E0,7.918964633E0
4.845758028E0,2.689585209E0,-4.618959427E0,-2.579741955E0,5.934957737E0
4.865679189E0,2.731797993E-1,-4.020693779E0,2.113527775E0,4.550560990E0
4.885596221E0,-1.834450841E0,-4.798026085E0,4.311741829E0,6.706517859E0
4.905514411E0,-3.815691471E0,-5.607335091E0,3.531554222E0,7.646802171E0
4.925431931E0,-6.019622803E0,-5.550701141E0,-1.010005832E0,8.250227489E0
4.945349695E0,-2.755124569E0,-1.802545547E0,-3.433702707E0,4.757120571E0
4.965267438E0,-6.762739420E-1,9.414834976E-1,-1.026215434E0,1.548178200E0
4.985178814E0,1.024522662E0,2.486507416E0,1.011012077E0,2.873066521E0
5.005103780E0,1.633517742E0,3.783556938E0,2.125577211E0,4.636999224E0
5.025020363E0,7.869826555E-1,4.249352455E0,2.956373215E0,5.236074920E0
5.044938310E0,4.420712590E-2,4.148612976E0,3.290094614E0,5.295060572E0
5.064854019E0,-1.103092432E0,3.512179375E0,3.062901497E0,4.788902009E0
5.084766473E0,-2.869776726E0,3.596806526E0,3.107080221E0,5.552169229E0
5.104691745E0,-4.365002632E0,4.685088634E0,3.193139076E0,7.155378442E0
5.124609488E0,-4.832493782E0,6.248841763E0,2.813172102E0,8.385401410E0
5.144526337E0,-4.771158695E0,7.017982483E0,1.902556658E0,8.696881928E0
5.164444711E0,-3.787028313E0,6.121661186E0,2.999222279E-2,7.198417788E0
5.184354805E0,-1.497411013E0,4.290368080E0,-3.021059275E0,5.456766180E0
5.204280137E0,1.330755591E0,6.676292419E-2,-1.019678402E1,1.028347082E1
5.224197127E0,5.460479259E0,-1.200450420E1,-1.911017418E1,2.321903771E1
5.244115542E0,7.652317524E0,-1.349145889E1,-7.658019066E0,1.729805430E1
5.264032390E0,4.885678291E0,-2.454164505E0,-4.756637096E0,7.246956068E0
5.283949564E0,3.836385489E0,3.720333099E0,-6.172038078E0,8.164115753E0
5.303868752E0,2.656934500E0,3.137069225E0,2.094788313E0,4.613961675E0
5.323786272E0,2.806308270E-1,-3.612623215E-1,8.039864540E0,8.052868182E0
5.343695369E0,-3.717744350E0,-3.365647316E0,6.879737377E0,8.513518150E0
5.363610467E0,-3.676640511E0,-2.611890793E0,-1.284670711E0,4.689353665E0
5.383539197E0,-4.537931442E0,2.021884918E-1,-3.816835403E0,5.933121814E0
5.403456127E0,-6.728513718E0,6.046113968E-1,3.421036005E-1,6.764280203E0
5.423374480E0,-6.753099918E0,-8.410263062E-2,5.347470045E-1,6.774760964E0
5.443292264E0,-4.911125660E0,-6.241292953E-1,2.358650565E-1,4.956241010E0
5.463202725E0,-2.609727144E0,-4.747419357E-1,8.478473425E-1,2.784762250E0
5.483127528E0,1.000761867E0,-9.843807220E-1,2.003208876E0,2.446093931E0
5.503045861E0,3.691963911E0,-9.388723373E-1,2.904415369E0,4.790376543E0
5.522961733E0,3.969058990E0,1.658964157E-1,1.236825347E0,4.160611473E0
5.542880982E0,3.394018173E0,2.384859562E0,-9.894402027E-1,4.264493687E0
5.562789855E0,3.101430893E0,3.902537346E0,-2.736555815E0,5.686599076E0
5.582715004E0,3.043156624E0,3.540515423E0,-3.839716673E0,6.044789146E0
5.602635799E0,2.046298265E0,1.811133385E0,-3.140134811E0,4.162689919E0
5.622544774E0,6.304007769E-1,-9.204931259E-1,-4.364808559E0,4.505137789E0
5.642460829E0,-3.804045916E-1,-2.742780685E0,-7.693473816E0,8.176618671E0
5.662384981E0,9.953081608E-3,-1.953364372E0,-6.855418205E0,7.128288028E0
5.682303477E0,1.684533358E0,-1.125230789E-1,-2.797669411E0,3.267608944E0
5.702218250E0,3.189361334E0,6.492805481E-1,-6.340703964E-1,3.315966860E0
5.722138272E0,3.651349068E0,4.445457458E-2,-3.556917191E0,5.097645155E0
5.742057684E0,4.135208130E0,-1.534185410E0,-6.147172928E0,7.565805057E0
5.761974492E0,5.180317879E0,-2.523780823E0,-5.260317326E0,7.802313845E0
5.781892968E0,6.443251610E0,-2.101840019E0,-4.258194923E0,8.004089379E0
5.801809450E0,6.614365101E0,-2.374291420E0,-4.393339634E0,8.287853677E0
5.821727213E0,4.739465714E0,-4.027644157E0,-6.028762341E0,8.662010625E0
5.841644713E0,3.648924351E0,-5.126577377E0,-6.338087082E0,8.931281676E0
5.861548051E0,3.153994799E0,-5.198536873E0,-4.946336746E0,7.838285273E0
5.881473384E0,2.636294603E0,-4.796027184E0,-4.992887020E0,7.408160823E0
5.901397902E0,1.439046860E0,-4.429732323E0,-4.948406219E0,6.795594781E0
5.921314730E0,-7.668296695E-1,-3.614212990E0,-2.951864004E-1,3.706440110E0
5.941237377E0,-3.123086452E0,-4.194705009E0,3.384552240E0,6.229318821E0
5.961150868E0,-4.858201981E0,-4.959117889E0,2.896736622E0,7.522370622E0
5.981058378E0,-6.867722988E0,-5.111238480E0,-9.934054017E-1,8.618423993E0
6.000979153E0,-4.093053341E0,-2.265958786E0,-2.648342133E0,5.375999528E0
6.020904058E0,9.797691703E-1,2.200088501E-1,5.008240342E-1,1.122130222E0
6.040820865E0,1.967148304E0,2.100060463E0,1.156651139E0,3.101252691E0
6.060739036E0,2.412244558E0,2.234910011E0,8.003737330E-1,3.384426788E0
6.080649069E0,1.854461789E0,2.782182217E0,2.428864002E0,4.132668237E0
6.100567300E0,6.416577101E-1,3.202875614E0,3.278957844E0,4.628358387E0
6.120492185E0,-1.508074045E0,3.627475739E0,3.256503105E0,5.102713007E0
6.140409664E0,-2.979113579E0,4.135640144E0,3.303173304E0,6.073680185E0
6.160327509E0,-4.266418934E0,4.779741287E0,3.459975481E0,7.281461915E0
6.180243259E0,-4.893244743E0,5.522454262E0,3.364976406E0,8.109525967E0
6.200167167E0,-4.732973576E0,6.569764137E0,2.630899191E0,8.513781195E0
6.220082876E0,-3.952290535E0,6.794666290E0,1.266335726E0,7.961890268E0
6.239997994E0,-2.531319618E0,5.599458694E0,-1.355178356E0,6.292696168E0
6.259916165E0,-1.629161239E-1,3.211452484E0,-6.373631954E0,7.138848157E0
6.279819220E0,3.972085238E0,-3.130973816E0,-1.591991806E1,1.670401895E1
6.299736780E0,8.654163361E0,-1.406076431E1,-1.264006615E1,2.079353045E1
6.319654280E0,7.024576187E0,-8.527546883E0,-4.759028435E0,1.202963333E1
6.339576825E0,3.204150677E0,6.324071884E-1,-5.729310989E0,6.594810446E0
6.359497417E0,1.709888935E0,2.380208015E0,-2.965625286E0,4.169417670E0
6.379415181E0,-5.784004927E-2,-3.665343285E0,5.635696411E0,6.723032121E0
6.399325112E0,-4.259643078E0,-6.115793228E0,7.499416828E0,1.057301938E1
6.419243160E0,-4.206868649E0,-2.479205132E0,-1.532751679E0,5.117961471E0
6.439178644E0,-4.834348679E0,3.011811256E0,-2.991821289E0,6.433733661E0
6.459081414E0,-7.226169586E0,3.767363548E0,3.349219322E0,8.810665415E0
6.479010632E0,-7.575352669E0,1.577307701E0,2.922636032E0,8.271376489E0
6.498927826E0,-6.458692551E0,-7.048425674E-1,1.635786772E0,6.699799316E0
6.518846078E0,-4.012683392E0,-2.166835785E0,7.319236994E-1,4.618713849E0
6.538763130E0,-4.209249318E-1,-2.127211571E0,1.241768599E0,2.498838954E0
6.558679978E0,3.338324308E0,-1.221481323E0,2.491481066E0,4.340956543E0
6.578599105E0,5.524728775E0,6.858291626E-1,1.207062483E0,5.696489227E0
6.598516828E0,5.470747948E0,2.613682747E0,-2.241916180E0,6.464256242E0
6.618433697E0,5.406416416E0,3.600877762E0,-4.394515991E0,7.842667271E0
6.638352071E0,4.972802162E0,3.313103676E0,-4.843539238E0,7.691897663E0
6.658269936E0,2.509685040E0,1.359558105E0,-3.888904572E0,4.823950249E0
6.678182797E0,2.229867578E-1,-9.409770966E-1,-3.064210653E0,3.213183455E0
6.698103409E0,-8.602941632E-1,-1.934324265E0,-5.500344276E0,5.893683362E0
6.718024835E0,-1.215486050E0,-8.397226334E-1,-5.729638100E0,5.917034155E0
6.737940442E0,7.196558118E-1,4.059247971E-1,-2.063764095E0,2.223016345E0
6.757848664E0,2.518409252E0,3.658628464E-1,-6.421477795E-1,2.624613220E0
6.777768116E0,2.648907185E0,-6.021614075E-1,-3.011641979E0,4.055773051E0
6.797692920E0,3.458217621E0,-2.591277122E0,-6.600238323E0,7.889051411E0
6.817609788E0,4.783865929E0,-3.272209167E0,-7.125148773E0,9.184795648E0
6.837513636E0,6.524708748E0,-2.486113548E0,-5.237472534E0,8.728327639E0
6.857431074E0,8.206827164E0,-1.810622215E0,-3.230830193E0,9.003811895E0
6.877348736E0,7.083664894E0,-2.415434837E0,-3.916201115E0,8.446849410E0
6.897266887E0,4.116748810E0,-3.610078812E0,-6.764044285E0,8.702447063E0
6.917184630E0,2.608249664E0,-4.965144157E0,-5.791098595E0,8.061789240E0
6.937101845E0,1.970757365E0,-4.984969139E0,-3.609601021E0,6.462431542E0
6.957020178E0,1.603813648E0,-4.622961044E0,-3.355036736E0,5.932980577E0
6.976951329E0,1.367345154E-1,-4.124447823E0,-1.806246996E0,4.504696924E0
6.996869988E0,-3.216093540E0,-4.629889488E0,1.437080860E0,5.817588481E0
7.016782767E0,-5.504302502E0,-5.664143562E0,2.151477337E0,8.185885600E0
7.036704763E0,-7.071915627E0,-5.339658737E0,-2.387238145E-1,8.864588830E0
7.056622364E0,-5.479902267E0,-2.542968750E0,-1.608380198E0,6.251632250E0
7.076539192E0,-2.030772448E0,2.764110565E-1,-1.495269775E0,2.536980786E0
7.096457667E0,1.532496333E0,1.907386780E0,3.441486120E0,4.222617204E0
7.116367578E0,2.648040771E0,1.963751793E0,1.437427044E0,3.596475711E0
7.136289167E0,7.975053787E-1,2.338494778E0,1.545603037E0,2.914354371E0
7.156204164E0,1.500303149E0,3.046869755E0,3.463730812E0,4.850954131E0
7.176120524E0,3.769821525E-1,2.604903221E0,2.632358313E0,3.722491991E0
7.196044147E0,-1.952986717E0,2.786233902E0,2.720457792E0,4.356391520E0
7.215953854E0,-3.200909138E0,3.904753208E0,3.219696760E0,5.988268878E0
7.235882197E0,-4.031544685E0,5.043673515E0,3.498000860E0,7.343568962E0
7.255800144E0,-4.684541225E0,5.780946732E0,3.372109652E0,8.169173465E0
7.275716463E0,-4.467093945E0,6.555772781E0,2.775657415E0,8.404603450E0
7.295634024E0,-3.593027830E0,6.798506737E0,1.732275486E0,7.882278934E0
7.315547779E0,-2.098359823E0,5.888884068E0,-1.203327894E0,6.366322921E0
7.335469470E0,3.126627803E-1,3.250183582E0,-7.235298634E0,7.937946690E0
7.355384670E0,5.379777908E0,-5.999155045E0,-2.032111740E1,2.186045937E1
7.375304692E0,9.750985146E0,-1.755024910E1,-1.041401005E1,2.261735086E1
7.395211612E0,5.368582726E0,-7.516685486E0,-5.286212921E0,1.064266359E1
7.415140545E0,2.844478369E0,2.703339100E0,-6.465273857E0,7.562993159E0
7.435065491E0,2.566305399E0,5.700993538E0,2.599365234E0,6.770816076E0
7.454971312E0,-6.614313722E-1,1.143602371E0,8.837091446E0,8.935295354E0
7.474894813E0,-5.246270180E0,-5.108492851E0,7.444467545E0,1.044222903E1
7.494811580E0,-6.031709194E0,-7.842164993E0,-5.272204399E0,1.121058459E1
7.514728408E0,-5.156454563E0,-2.419525146E0,-5.852797508E0,8.166906652E0
7.534646743E0,-5.927925110E0,1.612213135E0,2.091971397E0,6.489674231E0
7.554552930E0,-5.400483131E0,2.443144321E0,2.668704271E0,6.500473422E0
7.574481965E0,-3.831577301E0,1.701324463E0,2.304355860E0,4.783883932E0
7.594392222E0,-2.434863567E0,9.222536087E-1,2.130732536E0,3.364391988E0
7.614317330E0,-7.011163831E-1,-1.117201805E0,3.643919230E0,3.875287268E0
7.634238227E0,2.093788385E0,-1.622824669E0,4.746704578E0,5.435872889E0
7.654152023E0,3.503094912E0,-5.496997833E-1,1.814375281E0,3.983189862E0
7.674072839E0,3.299622059E0,2.010772705E0,-8.479727507E-1,3.955979068E0
7.693981122E0,3.225164890E0,3.716814995E0,-3.585244417E0,6.088544966E0
7.713904887E0,3.270944595E0,3.114924908E0,-4.953250885E0,6.703471493E0
7.733823445E0,2.510739088E0,1.388692856E0,-4.248801231E0,5.126849961E0
7.753740903E0,1.470240951E0,-4.050283432E-1,-2.859995604E0,3.241177450E0
7.773657060E0,3.640184402E-1,-1.928955078E0,-4.666232109E0,5.062321524E0
7.793568680E0,3.351843059E-1,-1.404340744E0,-6.911813736E0,7.060997845E0
7.813493950E0,1.319019079E0,-3.184967041E-1,-4.839800358E0,5.026422086E0
7.833410799E0,3.020825863E0,2.489051819E-1,-1.311354160E0,3.302573605E0
7.853329234E0,3.625718117E0,-4.890727997E-2,-1.262784004E0,3.839641549E0
7.873244780E0,3.491556168E0,-1.496713638E0,-4.512628078E0,5.898722604E0
7.893164945E0,4.232926369E0,-2.509401321E0,-5.779005051E0,7.590234516E0
7.913095139E0,5.381174564E0,-1.868067741E0,-4.959705353E0,7.552840126E0
7.933000513E0,5.995839596E0,-1.477827072E0,-3.560827971E0,7.128363147E0
7.952909467E0,4.684972286E0,-2.588693619E0,-3.796188354E0,6.562114446E0
7.972827516E0,3.236545086E0,-3.665137291E0,-5.281188011E0,7.197180161E0
7.992752319E0,2.521845818E0,-4.577005386E0,-5.888675690E0,7.873067129E0
8.012669879E0,2.663105965E0,-5.276732445E0,-5.652638912E0,8.178530757E0
8.032579749E0,3.088913679E0,-4.843805313E0,-4.690060616E0,7.416232615E0
8.052502193E0,1.603742123E0,-3.685749054E0,-3.462918282E0,5.305519570E0
8.072408197E0,-9.359318018E-1,-3.421092033E0,2.889074087E-1,3.558553994E0
8.092332634E0,-2.836739063E0,-4.220982552E0,3.622712374E0,6.244023315E0
8.112250927E0,-4.819110394E0,-5.084905624E0,3.657561779E0,7.903027797E0
8.132170115E0,-5.937172413E0,-3.953151703E0,1.303782821E0,7.251018845E0
8.152087044E0,-2.680499554E0,-6.160383224E-1,-2.623993874E0,3.801305686E0
8.172011928E0,1.862207651E0,1.221826553E0,-3.837580085E-1,2.260076917E0
8.191928553E0,2.817145586E0,1.211052895E0,-8.945355415E-1,3.194237343E0
8.211846439E0,1.823118329E0,1.065332413E0,-2.976865768E-1,2.132442470E0
8.231764203E0,1.107066870E0,2.069813728E0,3.502926826E0,4.216660085E0
8.251681702E0,-6.564922333E-1,2.722460270E0,3.263024330E0,4.300011599E0
8.271599344E0,-2.137378693E0,3.366313457E0,3.227854490E0,5.130253267E0
8.291511838E0,-3.400625706E0,3.712865829E0,3.265517235E0,6.001102454E0
8.311434586E0,-4.305704117E0,4.039575100E0,3.253212452E0,6.740967749E0
8.331352248E0,-4.642323971E0,4.562968254E0,3.121084929E0,7.218934982E0
8.351269158E0,-4.345102310E0,5.582458496E0,2.509186268E0,7.505982459E0
8.371174694E0,-3.948814154E0,6.420159340E0,1.836780071E0,7.757921126E0
8.391090383E0,-3.114622116E0,6.251966476E0,-1.262164116E-2,6.984848964E0
8.411010059E0,-1.144043684E0,4.603735924E0,-3.466789722E0,5.875529881E0
8.430934577E0,1.769273043E0,7.665891647E-1,-1.151876545E1,1.167903864E1
8.450850531E0,7.155635834E0,-9.737060547E0,-1.755524826E1,2.131197348E1
8.470775700E0,8.000778198E0,-1.388357258E1,-5.380371571E0,1.690308959E1
8.490693484E0,4.367452145E0,-3.419825554E0,-5.076192856E0,7.519147489E0
8.510610922E0,2.516177654E0,3.987369537E0,-5.713549614E0,7.407760458E0
8.530528686E0,1.027086020E0,2.688778877E0,3.299400330E0,4.378410679E0
8.550446308E0,-2.063164234E0,-3.061112404E0,8.299310684E0,9.083260078E0
8.570363888E0,-5.157153130E0,-6.867751122E0,4.306650639E0,9.607781929E0
8.590281611E0,-4.097949505E0,-3.580755234E0,-4.801731110E0,7.257521604E0
8.610197910E0,-4.768701553E0,2.442682266E0,-6.792842150E-1,5.400799774E0
8.630117261E0,-6.285655022E0,3.445887566E0,3.130762100E0,7.822101476E0
8.650034943E0,-6.014930725E0,1.717568398E0,2.904920101E0,6.896955388E0
8.669949126E0,-4.560384274E0,5.824279785E-2,2.050074577E0,5.000330261E0
8.689860136E0,-2.430143356E0,-1.252948761E0,1.780274630E0,3.262645412E0
8.709781969E0,9.318218827E-1,-2.022458076E0,3.446639538E0,4.103407462E0
8.729705145E0,4.576281548E0,-8.665590286E-1,2.037482738E0,5.083759757E0
8.749623356E0,4.625367641E0,1.311592102E0,-1.958995759E-1,4.811722800E0
8.769530948E0,4.266699314E0,2.975177765E0,-2.851500034E0,5.931901737E0
8.789451173E0,4.276983738E0,2.666282654E0,-3.976430416E0,6.419785973E0
8.809376505E0,3.020947933E0,1.499086380E0,-3.615307570E0,4.944070713E0
8.829294147E0,1.443966150E0,5.763206482E-1,-2.957328320E0,3.341103788E0
8.849204200E0,3.428787589E-1,-1.669054031E-1,-2.622311592E0,2.649894591E0
8.869128841E0,-1.139528751E-1,-6.406269073E-1,-3.615740538E0,3.673821951E0
8.889046299E0,4.972207546E-1,-3.582935333E-1,-4.204905510E0,4.249333252E0
8.908963493E0,1.986376286E0,3.421783447E-3,-2.882374048E0,3.500540331E0
8.928886140E0,2.763025761E0,1.026144028E-1,-1.923324823E0,3.368088396E0
8.948792226E0,2.652912617E0,-3.855018616E-1,-3.487165451E0,4.398508829E0
8.968717660E0,2.926710129E0,-1.795883179E0,-5.291412354E0,6.307921469E0
8.988627346E0,4.262239933E0,-2.558588982E0,-5.504895210E0,7.417340366E0
9.008553024E0,6.028872013E0,-2.186715126E0,-5.046116352E0,8.160411205E0
9.028470605E0,7.139047146E0,-1.858658791E0,-3.796039820E0,8.296416393E0
9.048380902E0,5.669699669E0,-2.485750198E0,-3.366421938E0,7.046789698E0
9.068302247E0,3.291049957E0,-3.378508568E0,-4.989897728E0,6.866178653E0
9.088217813E0,1.605053902E0,-4.270333290E0,-6.161642075E0,7.666666648E0
9.108141172E0,1.584629178E0,-5.152326584E0,-5.736366272E0,7.871684500E0
9.128060462E0,2.643793344E0,-5.008619308E0,-4.405097008E0,7.175011517E0
9.147975703E0,1.850074530E0,-3.511623383E0,-2.088829517E0,4.485251754E0
9.167893731E0,-4.886996150E-1,-2.933810234E0,1.872030258E0,3.514337362E0
9.187810253E0,-2.866267920E0,-4.048781395E0,3.696921587E0,6.186707670E0
9.207728628E0,-5.374347687E0,-5.250823975E0,3.143569946E0,8.144740479E0
9.227640898E0,-5.299817085E0,-3.847915649E0,-6.116509438E-1,6.577889696E0
9.247559903E0,-2.191923141E0,-4.090156555E-1,-2.430880070E0,3.298635897E0
9.267474717E0,8.559300303E-1,9.108257294E-1,-9.911334515E-2,1.253811462E0
9.287399256E0,3.206173182E0,1.544319153E0,1.741282582E0,3.961885050E0
9.307316897E0,3.087891579E0,1.864436150E0,2.495711327E0,4.386316403E0
9.327238405E0,1.779815197E0,2.502292156E0,3.132100105E0,4.386258000E0
9.347142985E0,-3.810898364E-1,2.960596561E0,3.067513227E0,4.280186779E0
9.367055683E0,-2.094259977E0,3.429944038E0,3.332627296E0,5.220808908E0
9.386988359E0,-3.642023087E0,4.001384258E0,3.647416830E0,6.525263035E0
9.406901118E0,-4.609867573E0,4.650517464E0,3.604558468E0,7.474692868E0
9.426827427E0,-4.737033844E0,5.197514534E0,3.269862890E0,7.755362680E0
9.446740552E0,-4.506760120E0,5.964595795E0,2.712431669E0,7.952645807E0
9.466658031E0,-3.956746101E0,6.226255417E0,1.408647776E0,7.510418416E0
9.486575795E0,-2.735279083E0,5.175707340E0,-1.161555529E0,5.968157955E0
9.506492704E0,-4.422528148E-1,2.808309078E0,-6.167321205E0,6.791026305E0
9.526410916E0,3.832739353E0,-4.216378212E0,-1.637889481E1,1.734173957E1
9.546328740E0,8.853246689E0,-1.486040115E1,-1.210897541E1,2.111489486E1
9.566242842E0,7.375997543E0,-7.783243179E0,-4.426059723E0,1.160061286E1
9.586164472E0,4.762461662E0,1.266392708E0,-5.390872478E0,7.303854986E0
9.606083314E0,3.878682137E0,3.084224701E0,3.260052204E-1,4.966175241E0
9.625992146E0,-5.198574066E-2,-1.330687523E0,7.894194603E0,8.005731711E0
9.645902524E0,-4.642145157E0,-4.221381187E0,7.016643524E0,9.412909069E0
9.665827083E0,-5.835485935E0,-5.274478912E0,-4.706758022E0,9.166602150E0
9.685752253E0,-6.866579056E0,-1.802473068E-1,-3.568934202E0,7.740780862E0
9.705669854E0,-7.239795685E0,2.944942474E0,3.535105705E0,8.578129171E0
9.725587475E0,-6.305952549E0,2.300323486E0,3.329058170E0,7.492606622E0
9.745505096E0,-4.665515423E0,9.036483765E-1,2.879352093E0,5.556463176E0
9.765422128E0,-3.129763365E0,-6.836519241E-1,2.227339268E0,3.901773813E0
9.785333239E0,-2.692160606E-1,-1.961449623E0,3.148473263E0,3.719226505E0
9.805258184E0,3.623778820E0,-1.790203094E0,3.758890390E0,5.519588483E0
9.825161524E0,5.552298069E0,-2.530221939E-1,1.446356773E0,5.743168289E0
9.845078881E0,4.795473576E0,2.304886818E0,-2.338099241E0,5.811693223E0
9.865004823E0,4.375512123E0,3.395252705E0,-4.844648361E0,7.358224311E0
9.884922241E0,3.380227089E0,2.463754654E0,-5.010559082E0,6.526999654E0
9.904846881E0,1.664567232E0,1.307902336E0,-3.366519451E0,3.976788378E0
9.924764645E0,5.153118372E-1,1.831092834E-1,-1.294775009E0,1.405531082E0
9.944681311E0,-3.249920607E-1,-5.398855209E-1,-3.022757530E0,3.087743400E0
9.964599930E0,-4.607766867E-1,-6.327505112E-1,-4.189209461E0,4.261709079E0
9.984517653E0,5.041796565E-1,-3.112697601E-1,-3.394368172E0,3.445696051E0
1.000443519E1,1.930732012E0,-5.265312195E-1,-2.688068151E0,3.351219422E0
